id,ids_prism,ids_espn,ids_gsis,ids_nffc,ids_pfr,ids_sleeper,ids_sportradar,ids_wikidata,ids_yahoo,names_last,names_first,names_middle
01rb14s3zm,01rb14s3zm,4431545,00-0039746,21141,ShipWi00,11577,796e223d-e8d5-42ab-afb4-557fa6183357,Q109187026,41002,Shipley,Will,
059xleevqh,059xleevqh,4427366,00-0038120,19427,HallBr03,8155,db1053d7-3343-43a3-9aab-8353f10f1221,Q99670654,33991,Hall,Breece,
09w695n8hr,09w695n8hr,4242431,00-0037276,19471,ChanTy01,8230,a0833a94-60ce-4a3a-a32a-d067fe7b253d,Q111818676,34125,Chandler,Ty,
0nr4xs8zx0,0nr4xs8zx0,4685522,00-0041568,22936,SimpTy00,13275,2e62e603-363a-425f-8c57-0a1600476c85,Q116234477,42635,Simpson,Ty,
0pp77rg64h,0pp77rg64h,4431536,00-0040400,21149,EdwaDo01,12515,162f3110-24fe-11f0-9c33-270dfe4c58dc,Q108408578,42226,Edwards,Donovan,
0ps0bjgzy0,0ps0bjgzy0,4837248,00-0041562,22928,MendFe00,13269,b1ded115-092a-4199-9a55-cab9f4b5bb18,Q123411920,42623,Mendoza,Fernando,
0z7b94ldpd,0z7b94ldpd,3043078,00-0032764,15055,HenrDe00,3198,87c481c7-7414-43cc-82df-19ca0c2ae22e,Q16729768,29279,Henry,Derrick,
10nt79jntd,10nt79jntd,4711533,00-0040198,22071,GordOl00,12495,42753bb4-a416-4d40-bf81-f20d2181be2f,Q115587460,41969,Gordon,Ollie,
1540mysd5m,1540mysd5m,4431611,00-0039918,21124,WillCa03,11560,49d4b627-3f19-49a8-ae33-f539e0fb1f88,Q108878513,40900,Williams,Caleb,
1dx1b5rhq0,1dx1b5rhq0,4426689,00-0040476,22461,BentUl00,12826,f71d0370-23b2-11f0-b632-8947e146a0ae,Q132435855,42126,Bentley,Ulysses,
1k1xvf02bw,1k1xvf02bw,4383396,00-0038738,21079,LuepHu00,11510,58f425d0-f677-11ed-978f-0975e9cb7dba,Q114498061,40780,Luepke,Hunter,
1nf9zydt44,1nf9zydt44,4429299,00-0040208,22300,BrooTa00,12543,8d50af87-f6dc-42cb-a7e7-11716667a1dc,Q122999654,41983,Brooks,Tahj,
22ddgf0rxm,22ddgf0rxm,4722893,00-0038794,21005,McLaJa00,11439,60b4ded0-f321-11ed-ab27-e38fa04fd6c0,Q120973540,40696,McLaughlin,Jaleel,
22kns1s024,22kns1s024,4685555,00-0040886,22943,SingNi01,13288,0111286e-ef59-40dd-97e8-967204490e34,Q113468531,42763,Singleton,Nicholas,
2389bt5vmh,2389bt5vmh,4040761,00-0035250,17034,SingDe00,6130,a961b0d4-5d7c-438e-90f0-2e1fa09f6c89,Q44389375,31906,Singletary,Devin,
274d354sbr,274d354sbr,4360516,00-0039384,21183,TracTy00,11655,fc6c7973-79a9-4974-855e-bc13400fe641,Q124714586,41048,Tracy,Tyrone,
27cz4r21c0,27cz4r21c0,4426338,00-0039732,20299,NixxBo00,11563,f056c8ed-6ee5-492c-af11-3f7e3d97195c,Q64010450,40875,Nix,Bo,
2lb8r8c86d,2lb8r8c86d,4362478,00-0038705,20719,DemeEm00,11199,44b4cbf0-e8fe-11ed-bc6e-a5c4d3ccbdd1,Q118133409,40430,Demercado,Emari,
2p2k0my3lr,2p2k0my3lr,4431452,00-0039851,21125,MayeDr00,11564,d0c0630e-8925-4b81-a32b-e4146d95f01f,Q113363657,40881,Maye,Drake,
2ry9rb0qf0,2ry9rb0qf0,12483,00-0026498,7697,StafMa00,421,ade43b1a-0601-4672-83b6-d246bc066a19,Q889130,9265,Stafford,Matthew,
3f6l75ecsw,3f6l75ecsw,4685247,00-0039794,21132,AlleBr05,11576,d7f72deb-c1e2-47a2-b651-887f0e33dc44,Q109570622,40981,Allen,Braelon,
3g970qfk90,3g970qfk90,4430737,00-0037840,19450,WillKy02,8150,19d44771-8f1d-4127-9b7d-230da137f15d,Q100408299,34120,Williams,Kyren,
3lcg8zg194,3lcg8zg194,4360569,00-0037525,19872,MasoJo00,8408,af9f7390-ca80-11ec-97ae-e1573849d1a6,Q113869071,34320,Mason,Jordan,
3qv3f5jeqh,3qv3f5jeqh,4429835,00-0039299,21709,HolaGe00,12048,971a3930-0724-11ef-a47d-6f7fe8c7bc97,Q124788532,41344,Holani,George,
3v02hez7pr,3v02hez7pr,4371733,00-0036919,18772,GainKe00,7567,e2a5882a-dcc1-4800-889f-3b957b21834f,Q88089345,33538,Gainwell,Kenny,
4712ckx40r,4712ckx40r,4688380,00-0040676,20310,WardCa00,12522,3c76cab3-3df2-43dd-acaa-57e055bd32d0,Q110263644,41786,Ward,Cam,
4cetc28rd0,4cetc28rd0,4429501,00-0039875,21151,DaviRa04,11575,a856dd59-ed95-471a-bfb9-fbd0566bd1a9,Q123050591,40980,Davis,Ray,
4fsbd09q6r,4fsbd09q6r,4239934,00-0036265,17996,DillAJ00,6828,e10bfeb8-ea01-47bc-bfa8-45f6dcbf71b3,Q54861465,32732,Dillon,AJ,
4jntkkkqbw,4jntkkkqbw,5081508,00-0041490,22968,HeidEl00,13423,4e49c857-13bf-4156-ab13-706e4088179b,Q136803025,42852,Heidenreich,Eli,
4pq7mxw38m,4pq7mxw38m,4832846,00-0041104,22944,ClaiDe00,13347,b17d816a-b687-488f-ac03-7dcba5aae0b6,Q136132094,42820,Claiborne,Demond,
50mvqb2dpr,50mvqb2dpr,4685350,00-0040644,22094,EtieTr01,12531,39e2d13c-0fb7-465f-ad8b-0b4bb73e1124,Q115492523,41913,Etienne,Trevor,
52jvllxxym,52jvllxxym,4241416,00-0036555,18773,HubbCh01,7594,32205e74-b23f-420a-b312-465b29260745,Q67691583,33514,Hubbard,Chuba,
5ec9q5q0l4,5ec9q5q0l4,4428557,00-0039032,20329,SpeaTy00,9508,af71f149-7758-40b7-973a-9fe6320cf4f5,Q115542257,40119,Spears,Tyjae,
5epyecgxrd,5epyecgxrd,4383429,00-0038896,20790,SaylJa00,11237,99a7f770-ea18-11ed-a93b-a93886fe0bfd,Q134625884,40474,Saylors,Jacob,
5esy3jmwmw,5esy3jmwmw,4685397,00-0040177,22097,JameJo01,12467,c16040c3-7534-4eeb-956c-8ed3be9972ec,Q123474548,41933,James,Jordan,
5gndzvppcw,5gndzvppcw,3054850,00-0033906,15293,KamaAl00,4035,d9c857b2-97da-4fb8-a527-afbbb2a67413,Q27443318,30180,Kamara,Alvin,
65b1l2hcxm,65b1l2hcxm,3929630,00-0034844,16062,BarkSa00,4866,9811b753-347c-467a-b3cb-85937e71e2b9,Q21620839,30972,Barkley,Saquon,
6grvb5b0ed,6grvb5b0ed,4036378,00-0036264,17997,LoveJo03,6804,e5094779-e94f-4052-8597-bdbee3719f6b,Q60736806,32696,Love,Jordan,
6pxwycv8c0,6pxwycv8c0,4432374,00-0040260,22439,MarsAh00,12797,c18cabc0-2321-11f0-80a0-bb24566134d1,Q136652161,42092,Marshall,Ahmani,
6qg874mdqw,6qg874mdqw,4696044,00-0041052,23064,BlacKa00,13414,4dea3ae1-8c53-4ef1-bd72-e2d2dfb3fa97,Q137391681,42712,Black,Kaelon,
6sc0cvtkf0,6sc0cvtkf0,2576336,00-0032104,13582,AbduAm00,2359,c5e430c5-7a8e-4e29-b30f-1a527f05cb89,Q16148577,28442,Abdullah,Ameer,
74bqdcnx5m,74bqdcnx5m,4245645,00-0036569,19149,BrigGa00,7529,94bde2c7-7229-4bf0-a545-5950cf3c7927,Q106677291,33584,Brightwell,Gary,
7dx90qs7k4,7dx90qs7k4,4429795,00-0039139,20272,GibbJa01,9221,fef9457e-6497-47de-9bf2-cc3b95929375,Q100193610,40059,Gibbs,Jahmyr,
7hfg99gzc4,7hfg99gzc4,4259545,00-0036275,17961,SwifDA00,6790,cc4b5f58-a11c-4450-a1df-617ad88336e4,Q52693227,32705,Swift,D'Andre,
810rd58m54,810rd58m54,4596448,00-0039361,21136,IrviBu00,11584,c5249c6f-bd1b-4352-8228-de2bd499ca0d,Q114818783,40993,Irving,Bucky,
88ylnsywrh,88ylnsywrh,4036032,00-0037329,19710,BrowBr06,8423,387c8819-5892-4528-ac33-0ec72b24cc2f,Q111787485,34206,Brown,Brittain,
899018kh7w,899018kh7w,4686468,00-0041125,22945,McGoSe01,13424,17deebdc-0ec2-4f3f-9584-d21b01743265,Q137356492,42859,McGowan,Seth,
8b7yq283xd,8b7yq283xd,5081397,00-0040162,22099,SampDy00,12469,6ea71d26-623a-4178-a93a-215678244902,Q126285126,41907,Sampson,Dylan,
8jk11f9c8r,8jk11f9c8r,4038441,00-0034975,17020,HillJu00,5995,528e71ec-8fb3-4928-ace5-fc5ffbf26eb3,Q29913288,31945,Hill,Justice,
8n5bh12jew,8n5bh12jew,4040715,00-0036389,17999,HurtJa00,6904,64bd0f02-6a5d-407e-98f1-fd02048ea21d,Q26923572,32723,Hurts,Jalen,
8zzkpfrnzd,8zzkpfrnzd,4429805,00-0039471,21166,GoreFr01,232,6a2b129d-a9e5-4131-b491-82269b323f77,Q109591476,7241,Gore,Frank,
904ft2n8m4,904ft2n8m4,11252,00-0026158,7090,FlacJo00,19,64797df2-efd3-4b27-86ee-1d48f7edb09f,Q795406,8795,Flacco,Joe,
93ftjq88l0,93ftjq88l0,4567048,00-0038134,19430,WalkKe00,8151,22ee9bac-a64c-4d44-94fc-51d775465b3b,Q108602387,33996,Walker,Kenneth,
960jnwdkx4,960jnwdkx4,4568490,00-0040730,22111,HarvRJ00,12489,fc6dbb83-b2b1-4962-b793-e79b2378b525,Q123514848,41845,Harvey,RJ,
99q644st7m,99q644st7m,4695404,00-0039798,21161,DaviIs00,11571,849789be-b8f0-4d97-a777-2fcf336efa6a,Q120970539,41031,Davis,Isaiah,
9m4c4yr5pw,9m4c4yr5pw,4688835,00-0040998,23486,HembRo00,13416,f5d02460-4194-11f1-b42b-111a688b2d6a,Q115492469,42941,Hemby,Roman,
9pn2rwl8yr,9pn2rwl8yr,4697815,00-0037256,19436,WhitRa01,8136,4d3f2f57-215c-4cb4-bf75-a7ecdcdded70,Q108761971,34047,White,Rachaad,
9retnhzt84,9retnhzt84,4361741,00-0037834,19742,PurdBr00,8183,d5aef708-ad61-4ab8-a637-62ff96e92040,Q71605297,34218,Purdy,Brock,
9y2z9blztm,9y2z9blztm,4379399,00-0037248,19467,CookJa01,8138,ce5de0e5-9f76-42ee-b93a-3ef88af9b0a7,Q109849794,34019,Cook,James,
b0jh2nx10m,b0jh2nx10m,15864,00-0030565,11818,SmitGe00,1373,cfc93f5e-105e-4a5e-88d3-f4279893cfa8,Q59497,26662,Smith,Geno,
b1dmws3204,b1dmws3204,4682652,00-0040202,22104,NealDe00,12476,4ef874c1-50c3-4120-9199-0d5a4ae7c6dd,Q115492056,41972,Neal,Devin,
bg09vffbn8,bg09vffbn8,16002,00-0029892,11911,JuszKy00,1379,67da5b5c-0db9-4fbc-b98d-7eb8e97b69f6,Q14950145,26753,Juszczyk,Kyle,
bpfx2ccd7h,bpfx2ccd7h,4426386,00-0039021,20334,JohnRo07,10235,e3c414c0-be8c-4807-af9c-f91d89c83e60,Q114060536,40162,Johnson,Roschon,
byrh5jbfrr,byrh5jbfrr,4887558,00-0038797,21001,WilsEm00,11435,05266280-f323-11ed-bd27-0bcbcaae8d67,Q122110046,40707,Wilson,Emanuel,
cd2tnqmxp0,cd2tnqmxp0,4429059,00-0040583,22109,MarkWo00,12474,b900661b-b5df-47c8-819d-bb13b106a60b,Q124407689,41902,Marks,Woody,
cjs8qckn70,cjs8qckn70,4257364,00-0038440,20829,ScotZa00,11299,3b133980-eb9a-11ed-8b52-a11a185238e2,Q124753613,40539,Scott,Zavier,
crn4f6m9cr,crn4f6m9cr,4685702,00-0040784,22062,JudkQu00,12512,268c6ae2-278b-49f8-b7cd-b367944412f3,Q115492439,41821,Judkins,Quinshon,
ctzjf2xzxh,ctzjf2xzxh,3912547,00-0034869,16077,DarnSa00,4943,13d826c5-9b22-4e0a-a877-02d8c84c546b,Q27049069,30973,Darnold,Sam,
dc4795j3h8,dc4795j3h8,4685382,00-0040666,22069,HampOm00,12507,3e1b7908-79ee-4a23-97b9-5190725a2e5e,Q122461052,41807,Hampton,Omarion,
ddskx0hrp8,ddskx0hrp8,4429023,00-0039811,21144,LloyMa00,11581,7b8967bc-a3a5-4aa4-bd1f-2846663ca831,Q114686918,40971,Lloyd,MarShawn,
e6j7yxqppw,e6j7yxqppw,4601080,00-0040466,22488,SandRa00,12472,09b7c5d0-23ca-11f0-97f8-1902f784caec,Q113857305,42139,Sanders,Raheim,
ednvt8hm3r,ednvt8hm3r,3918298,00-0034857,16074,AlleJo02,4984,3069db07-aa43-4503-ab11-2ae5c0002721,Q27966578,30977,Allen,Josh,
eshdb43ydd,eshdb43ydd,4430871,00-0038951,20285,TuckSe00,9506,6d616c10-f35e-11ed-b721-9b68b08a2e09,Q108939968,40742,Tucker,Sean,
f4kgydstb4,f4kgydstb4,4362619,00-0038611,20308,RodrCh00,10219,ae5c4758-cb53-4f17-8763-b91381036af3,Q108862470,40231,Rodriguez,Chris,
fxwqcet2wm,fxwqcet2wm,3117251,00-0033280,15222,McCaCh01,4034,f96db0af-5e25-42d1-a07a-49b4e065b364,Q21621996,30121,McCaffrey,Christian,
g7qme995hm,g7qme995hm,4685279,00-0040586,22092,BlueJa01,12457,f5e6eb8e-2c76-4bf9-b47f-57c62659341d,Q128792652,41935,Blue,Jaydon,
g8zk6fy75m,g8zk6fy75m,4426348,00-0039910,21126,DaniJa02,11566,bab8c65a-9fff-410d-8e34-dc2f636d890e,Q66825384,40896,Daniels,Jayden,
gm61zy413m,gm61zy413m,4911851,00-0040238,22090,AlleLe01,12544,14aedd06-41a6-41db-8c5e-05483f91570d,Q122832663,42007,Allen,LeQuint,
h5x0vlp33w,h5x0vlp33w,4569173,00-0036875,18791,StevRh00,7611,6260e78a-64e2-4f7e-9bf8-39948a17a370,Q104648692,33508,Stevenson,Rhamondre,
h9ygyn3xsh,h9ygyn3xsh,4242335,00-0036223,17962,TaylJo02,6813,925195a4-06ba-4e37-ae7d-a3d6a5419139,Q41788679,32711,Taylor,Jonathan,
hh0e1cjbfw,hh0e1cjbfw,4047365,00-0035700,16998,JacoJo01,5850,61694ab9-b099-408e-b48d-6a643dd069ec,Q59660262,31856,Jacobs,Josh,
hms8fhwnj8,hms8fhwnj8,4362238,00-0038597,20292,BrowCh10,9224,d74ff06d-905d-4fed-8f98-b5f6d4549333,Q114554328,40196,Brown,Chase,
hqy6mv7c28,hqy6mv7c28,4373626,00-0037263,19441,AllgTy00,8132,f4529909-1a02-4f4b-a1f3-315cad100683,Q109336060,34107,Allgeier,Tyler,
hx30jszbgh,hx30jszbgh,4360423,00-0039917,20298,PeniMi00,11559,6499a161-b221-4591-b122-d99ece1be64b,Q101503854,40889,Penix,Michael,
j9nfnk3l0w,j9nfnk3l0w,3127586,00-0033955,15441,McNiJe00,4219,25cc3585-6194-4786-968a-2600db46b6c6,Q27662503,30275,McNichols,Jeremy,
j9qxflzcs0,j9qxflzcs0,4433970,00-0039923,21150,McCaJJ00,11565,587cc3c3-aeda-4ac7-8803-a7e4db195534,Q108913383,40905,McCarthy,J.J.,
jcrzlqsrn4,jcrzlqsrn4,4240657,00-0036924,18828,CartMi03,7607,7f119181-4c9f-4a9f-bccc-357277b64a8d,Q104742000,33495,Carter,Michael,
jj45558tfm,jj45558tfm,4685512,00-0041512,22938,PricJa02,13286,17b64129-5118-4525-ac9a-d79ff5313568,Q130211010,42654,Price,Jadarian,
jt3c5z463d,jt3c5z463d,4696981,00-0040715,22077,SkatCa00,12481,e1f0c72d-f4d0-4c24-93a4-8a12b9a2efd2,Q123653630,41922,Skattebo,Cam,
jwyt7xhn2m,jwyt7xhn2m,4372561,00-0039363,21178,GuerIs00,11651,eac64b21-6e9e-447a-bf18-8a00b5c12871,Q124209497,40998,Guerendo,Isaac,
jyq8eex4d4,jyq8eex4d4,2577417,00-0033077,14553,PresDa01,3294,86197778-8d4b-4eba-affe-08ef7be7c70b,Q16235747,29369,Prescott,Dak,
k0s7m7592m,k0s7m7592m,4372019,00-0037267,19443,FordJe00,8143,cdc61676-6592-43f9-a4a6-d29ce52ac8f4,Q108928936,34112,Ford,Jerome,
k98fygzkww,k98fygzkww,8439,00-0023459,5712,RodgAa00,96,0ce48193-e2fa-466e-a986-33f751add206,Q302581,7200,Rodgers,Aaron,
kctnggwtzd,kctnggwtzd,4430841,00-0041561,23003,BeckCa01,13272,a67c28ce-9e03-46f1-9fb6-b5ef70eb20db,Q115536933,42687,Beck,Carson,
kmxbbgpqgw,kmxbbgpqgw,4362748,00-0037085,19473,BadiTy00,8208,e62678b9-9816-420f-bf86-398e7fea7063,Q108760978,34152,Badie,Tyler,
kqtvg8eer0,kqtvg8eer0,4608686,00-0040236,22119,MonaKy00,12534,6edec23b-f938-40f7-a151-1db5374880dd,Q123583355,42025,Monangai,Kyle,
krhnlsgw44,krhnlsgw44,4035538,00-0035685,17016,MontDa01,5892,1c9e1cd5-8cb1-4a15-a2c8-3a0c0fd5423c,Q48977154,31905,Montgomery,David,
l4x2ghv0m0,l4x2ghv0m0,4685477,00-0041129,23189,MillJa03,13403,e7144c4a-1dd7-4474-b033-ad06e08f1745,Q130258565,42867,Miller,Jam,
lk7jngzflm,lk7jngzflm,3917315,00-0035228,17009,MurrKy00,5849,dd5a6b6e-ffae-45a5-b8e6-718a9251f374,Q18648942,31833,Murray,Kyler,
lklwmrqhxh,lklwmrqhxh,4690013,00-0039796,21167,AlixRa00,11570,9aeb79b0-e55b-4341-8c6b-233971b667a7,Q122866013,41033,Ali,Rasheen,
lv4x9ft9z0,lv4x9ft9z0,4596602,00-0040078,22117,SmitBr09,12455,3170164a-1718-4a39-9ef2-e18104e35fef,Q123412413,42012,Smith,Brashard,
lxk6v8ftmh,lxk6v8ftmh,4685526,00-0040888,22960,RandAd00,13302,4fa0fbdb-05a1-4ca0-89dd-f999978b5827,Q121030748,42780,Randall,Adam,
m22wg4v39m,m22wg4v39m,4678008,00-0039344,21133,BrooJo02,11583,5c842941-844b-4f6a-bce4-26b377146674,Q122789703,40926,Brooks,Jonathon,
m52zwd42tm,m52zwd42tm,4035537,00-0036842,18992,NwanKe00,7720,482c1032-765a-48d3-b46e-b47a809dbee4,Q106677430,33507,Nwangwu,Kene,
m86chm31p0,m86chm31p0,4432577,00-0039163,20280,StroCJ00,9758,7e91086f-9ca4-4bd9-a099-b88b2f37e6c6,Q104856413,40030,Stroud,C.J.,
mk54fj9l2h,mk54fj9l2h,3045147,00-0033553,15306,ConnJa00,4137,28a084c0-14df-499f-bd1f-b975603626b7,Q18097882,30218,Conner,James,
mlm76t1rt0,mlm76t1rt0,4689114,00-0040691,22087,DartJa00,12508,53848cba-bcad-4cd0-bb35-0a1f6ed111d1,Q106993197,41810,Dart,Jaxson,
mn89bhmlhm,mn89bhmlhm,3915511,00-0036442,17968,BurrJo01,6770,3023ac10-4e7f-425f-9fc5-2b8e6332c92e,Q56860229,32671,Burrow,Joe,
mpz6hd3gt4,mpz6hd3gt4,4038941,00-0036355,17976,HerbJu00,6797,f0a8f8e3-b9e9-46ed-85e4-eec6452a8a44,Q27734163,32676,Herbert,Justin,
mt75bqenj0,mt75bqenj0,4366963,00-0039407,21175,LaubDy00,11574,de5b56bd-33f0-48bc-b1e3-9523bd6bba64,Q124382622,41054,Laube,Dylan,
mztcpq93m8,mztcpq93m8,4430807,00-0038542,20271,RobiBi01,9509,f78d68c2-f9da-48e7-b954-26b69efd828d,Q104531137,40055,Robinson,Bijan,
nb9dfq04zm,nb9dfq04zm,4243003,00-0037557,19879,RiveRo01,8195,246db560-cb4e-11ec-a667-6354702e3fca,Q113509646,34310,Rivers,Ronnie,
nftzhtqqjd,nftzhtqqjd,3916148,00-0035261,17067,PollTo00,5967,33b0227d-4c21-4e71-b4cd-be35f7db9123,Q61789041,31960,Pollard,Tony,
nk7q0w601d,nk7q0w601d,4361579,00-0036997,18771,WillJa10,7588,889dcdc5-3d88-45df-9677-5ad7ff87c011,Q100792997,33423,Williams,Javonte,
npg6wj47dw,npg6wj47dw,3046779,00-0033106,14748,GoffJa00,3163,aba8f925-ffbf-4654-bfa7-a25d3d237494,Q14950697,29235,Goff,Jared,
nzzyrh3nlm,nzzyrh3nlm,3122840,00-0033537,15231,WatsDe00,4017,eec5265c-7731-4bb6-8af2-4f98a67f9ab7,Q18159104,30125,Watson,Deshaun,
p0cz0w4lvr,p0cz0w4lvr,3139477,00-0033873,15234,MahoPa00,4046,11cad59d-90dd-449c-a839-dddaba4fe16c,Q19667998,30123,Mahomes,Patrick,
p1tgm3gk7d,p1tgm3gk7d,4569682,00-0039373,21134,EstiAu00,11579,3b86dd7c-0b21-448d-a662-5675e87fd0da,Q114652896,41019,Estime,Audric,
p3ce34r13d,p3ce34r13d,3916387,00-0034796,16081,JackLa00,4881,e06a9c07-453a-4bb0-a7e9-2c3a64166dad,Q24809702,31002,Jackson,Lamar,
p724ekkw90,p724ekkw90,4241479,00-0036212,17975,TagoTu00,6768,26ad9c27-de38-495e-913c-6fb2428e76d3,Q47138769,32675,Tagovailoa,Tua,
pgxkyprl50,pgxkyprl50,3052587,00-0034855,16069,MayfBa00,4892,30198d30-9769-4e10-ac86-b4c91d940802,Q14950655,30971,Mayfield,Baker,
pjdpnswfc0,pjdpnswfc0,3149687,00-0038685,20954,BrooCh00,11370,35a0d440-f017-11ed-bedb-53f19b227cc3,Q118924098,40625,Brooks,Chris,
pkn8c7hx5d,pkn8c7hx5d,4362452,00-0036755,18774,PattJa01,7537,82996e3b-b72d-41ca-8eb1-91e462ceff85,Q92274324,33706,Patterson,Jaret,
pllf7673cr,pllf7673cr,4596334,00-0038454,20344,MitcKe01,9511,16341d80-f01f-11ed-97df-a94b89ac5704,Q117481811,40641,Mitchell,Keaton,
pmk1k30qg8,pmk1k30qg8,4432710,00-0040734,22072,HendTr02,12529,0d9788e6-03ee-416d-8ba2-deb57037d209,Q108391363,41823,Henderson,TreVeyon,
pncfsszcsh,pncfsszcsh,4685246,00-0041096,22940,AlleKa01,13405,7980dd2b-0ce0-4936-aaff-536c09608429,Q115492256,42809,Allen,Kaytron,
pncv7wpzld,pncv7wpzld,4241474,00-0037746,19468,RobiBr01,8154,795f636e-6f7f-4bc7-a346-2862272abead,Q104872902,34054,Robinson,Brian,
psvqkwpgem,psvqkwpgem,4038815,00-0036139,18036,DowdRi01,7021,bba755a2-63b6-4ac1-b806-0609816135de,Q88817822,33100,Dowdle,Rico,
pvtp65y1x0,pvtp65y1x0,4037457,00-0035594,17036,HomeTr00,6012,4afb77d8-4564-469b-be4c-5a8587df8046,Q60287086,32036,Homer,Travis,
pyzc9jrlb8,pyzc9jrlb8,4361529,00-0037197,19486,PachIs00,8205,3a25c037-fa30-4740-b742-ec8e4f1a2a25,Q112501462,34207,Pacheco,Isiah,
pz18xph094,pz18xph094,4685489,00-0040959,23236,OttxJa01,13419,261750e0-4199-11f1-bbb5-8b6de4cce956,Q114324322,42895,Ott,Jaydn,
pzt60zyj4r,pzt60zyj4r,4429160,00-0039040,20284,AchaDe00,9226,a4ef921b-8767-4b4f-a651-7675c00f9af0,Q108929256,40118,Achane,De'Von,
qdzrc44sj0,qdzrc44sj0,4430968,00-0039391,21169,VidaKi00,11647,ed923635-f021-4b76-9dbb-9f1901eeaab9,Q123001109,41052,Vidal,Kimani,
qkprh9eh1h,qkprh9eh1h,4912274,00-0039364,21297,VakiSi00,11729,f5e0334b-b5f1-422f-a437-199c36cc108d,Q123321999,41006,Vaki,Sione,
qne54t8c0d,qne54t8c0d,4698253,00-0040568,22623,LariLa00,12969,e2d48330-251e-11f0-aae1-fdfd5aa92d71,Q134136921,42284,Larison,Lan,
rfpp3yeptm,rfpp3yeptm,2578570,00-0033119,14802,BrisJa00,3257,ad2258ab-67f0-41c2-bcf3-f3ba145187dc,Q18022139,29325,Brissett,Jacoby,
rgtxr61d5h,rgtxr61d5h,3917792,00-0035710,17008,JoneDa05,5870,0042266b-cb28-4012-bfd2-06650badad97,Q39075157,31838,Jones,Daniel,
rhehkfh858,rhehkfh858,4808830,00-0040651,22083,MartDa02,12462,487da97d-a1e8-4a1f-9b43-085944ea1a44,Q118220427,42015,Martinez,Damien,
rljsxgrlwh,rljsxgrlwh,4426385,00-0039165,19469,CharZa00,9753,7d7f1628-85a7-4633-9ffe-d82fc2761b00,Q66857114,40075,Charbonnet,Zach,
rqcvzh906w,rqcvzh906w,4710341,00-0040692,22124,HuntJa03,11569,e71d4c32-3233-467f-ab01-71de34e5d9b4,Q113825612,41919,Hunter,Jarquez,
rwqm3lmb80,rwqm3lmb80,4874509,00-0040179,22096,GiddDJ00,12471,73ffa6e6-7fb3-4f34-a856-38bfd62cca15,Q122808665,41937,Giddens,DJ,
sghw3m1z38,sghw3m1z38,4682745,00-0039874,21160,WrigJa04,11643,ba9e1390-028b-47c9-8710-84cee3fa25de,Q123116440,41010,Wright,Jaylen,
srenpf3qwh,srenpf3qwh,4240631,00-0036425,18005,DallDe00,6931,48ef5bfa-7b91-4ed1-ad12-e94c0bc101c2,Q87893202,32814,Dallas,DeeJay,
svcctyhwx8,svcctyhwx8,4241464,00-0036972,18800,JoneMa05,7527,1fd00ec3-b758-46d2-a2c1-cca521ea8a54,Q64009136,33403,Jones,Mac,
svjtece4kw,svjtece4kw,4685720,00-0039150,20281,YounBr01,9228,38475bfa-9773-4c3b-9157-a0dbd576fa22,Q79416176,40029,Young,Bryce,
t0g1wwfvpd,t0g1wwfvpd,4360238,00-0037258,19447,PierDa01,8129,5d4ef6da-a6b5-4d9c-adc0-28dfdbe9315e,Q110826056,34063,Pierce,Dameon,
t1e28kz6td,t1e28kz6td,4832955,00-0041013,22939,JohnEm01,13337,ec3e0874-c2bc-49f6-b4b1-dfc874eecb9b,Q136198724,42796,Johnson,Emmett,
thf0ell5bh,thf0ell5bh,3915411,00-0035537,17046,JohnTy02,6039,96e6687b-2b89-4dd9-98df-6e7507cd82cf,Q63430765,32018,Johnson,Ty,
tyxt6dshrr,tyxt6dshrr,14880,00-0029604,10974,CousKi00,1166,bbd0942c-6f77-4f83-a6d0-66ec6548019e,Q431248,25812,Cousins,Kirk,
v2kj0h5w6d,v2kj0h5w6d,4432631,00-0041312,23541,WhitNo00,13437,e656bff0-4322-11f1-a39d-09ec94a91f1f,Q136051141,43197,Whittington,Noah,
vdedn42f68,vdedn42f68,4360310,00-0036971,18779,LawrTr00,7523,aaa8b42c-4d87-45f6-bfd2-e31cfed9a736,Q42225228,33389,Lawrence,Trevor,
vj89czy6p4,vj89czy6p4,4362887,00-0036945,18783,FielJu00,7591,cf15be8f-9117-4531-a517-2b9c7cb3e9e1,Q52715014,33399,Fields,Justin,
vr68v78y64,vr68v78y64,4429939,00-0039405,21163,JordJa00,11588,d3ddb80f-6f08-4594-be42-4c2f0716f4ef,Q122976631,41064,Jordan,Jawhar,
vt838jcct4,vt838jcct4,3042519,00-0033293,15392,JoneAa00,4199,27dd5b6e-ea65-4622-a6b4-460fd144407c,Q30122536,30295,Jones,Aaron,
w4hbw6wjzw,w4hbw6wjzw,4570561,00-0038396,19448,GrayEr01,10223,dcc536c1-36f2-4e34-8028-ccf32d930018,Q105320431,40198,Gray,Eric,
wbxxcs6f34,wbxxcs6f34,3116389,00-0033526,15362,PeriSa00,4147,e601812f-ce24-4e99-bee0-e33c1e9014e4,Q18572038,30227,Perine,Samaje,
weeyz1zb6r,weeyz1zb6r,4429275,00-0039921,21135,BensTr01,11589,0c1253f2-1822-445d-8590-fea6fd32703f,Q115222279,40958,Benson,Trey,
wp36qe6rpw,wp36qe6rpw,4239996,00-0036973,18770,EtieTr00,7543,970693f0-0af4-4627-ac0c-bf519f7433ee,Q56651173,33413,Etienne,Travis,
wshy1g3sjr,wshy1g3sjr,4870808,00-0041027,22930,LoveJe00,13287,ca61f1e4-5a51-45b8-b8e3-f6564d9c2648,Q129281609,42625,Love,Jeremiyah,
x1tpmcrwsw,x1tpmcrwsw,4686658,00-0040878,22955,WashMi00,13305,b783f45a-16ea-4145-9f3a-fafaa1bb0058,Q137042890,42744,Washington,Mike,
x6v43m6kp0,x6v43m6kp0,4249836,00-0038098,19479,StroPi00,8116,8a9a3c7f-57a1-4064-9bda-2c7fad7b5c01,Q109182340,34083,Strong,Pierre,
x90w8hx7j4,x90w8hx7j4,4693370,00-0041398,23207,NowaRi00,13433,d85be8f9-009d-4de5-838d-1cb07e4105cc,Q136850221,42803,Nowakowski,Riley,
x9yhflcxk8,x9yhflcxk8,4599739,00-0038551,20304,MillKe01,9757,66627686-34fe-4599-84ac-e436fd7d798a,Q114919071,40108,Miller,Kendre,
xc1cxd8cxh,xc1cxd8cxh,4432762,00-0040668,22056,SandSh00,12524,270e09bc-8bf8-44b0-87ed-1fd014de4ab7,Q111441081,41930,Sanders,Shedeur,
xeev31h0j0,xeev31h0j0,4702555,00-0041496,22941,ColeJo00,13345,0ff54d6c-4d2a-4974-9815-b889e7dc293e,Q124352406,42730,Coleman,Jonah,
xsh30yq5t4,xsh30yq5t4,4429096,00-0039738,20278,CoruBl00,11586,93ba1da2-3679-4ddc-9687-0802349f9ee2,Q100795875,40962,Corum,Blake,
xskgvvvclr,xskgvvvclr,4241985,00-0036158,17963,DobbJK00,6806,a57b9914-4315-4295-98b4-9b348c52d6a1,Q40059201,32725,Dobbins,J.K.,
xt0g9xz8e4,xt0g9xz8e4,4431562,00-0040021,22305,MafaPh00,12738,54b97d06-1639-46a3-9dcc-67320687281d,Q123416724,42018,Mafah,Phil,
yerpehcl0m,yerpehcl0m,4242512,00-0038128,19458,WillMa12,8161,55aefcf9-4dfb-4994-883f-4d537a6f1ddb,Q101247586,34042,Willis,Malik,
ypzcrf33b4,ypzcrf33b4,4575131,00-0040242,22130,CrosJa00,12533,202b8be6-40d2-49ed-b256-312ac45ec70f,Q132063724,42010,Croskey-Merritt,Jacory,
z1042rsrxw,z1042rsrxw,4240603,00-0037563,20100,DaviMa02,8800,7caf1f90-d30d-11ec-8b77-45b1765fd110,Q114313913,34610,Davis,Malik,
z6tbtr7ph0,z6tbtr7ph0,4890973,00-0040122,22055,JeanAs00,12527,320fc4b7-76c7-43af-bbfd-1a22ba8f78cb,Q122784078,41791,Jeanty,Ashton,
zjr65nww0w,zjr65nww0w,4360689,00-0040743,22220,ShouTy00,12545,94b8f9e1-3109-4429-8f71-4f79d7588237,Q90415917,41825,Shough,Tyler,
zsv899yhkh,zsv899yhkh,4429013,00-0038555,20279,BigsTa00,9225,2034916c-8062-46e3-8d0c-d0dec694e2d1,Q100561971,40095,Bigsby,Tank,
zv3z421nm0,zv3z421nm0,4882093,00-0040719,22106,TuteBh00,12490,26d4b13e-a555-4519-9356-cd16c65384e7,Q130376111,41900,Tuten,Bhayshul,
